-- MySQL dump 10.17  Distrib 10.3.22-MariaDB, for debian-linux-gnueabihf (armv8l)
--
-- Host: localhost    Database: plantmdb
-- ------------------------------------------------------
-- Server version	10.3.22-MariaDB-0+deb10u1

/*!40101 SET @OLD_CHARACTER_SET_CLIENT=@@CHARACTER_SET_CLIENT */;
/*!40101 SET @OLD_CHARACTER_SET_RESULTS=@@CHARACTER_SET_RESULTS */;
/*!40101 SET @OLD_COLLATION_CONNECTION=@@COLLATION_CONNECTION */;
/*!40101 SET NAMES utf8mb4 */;
/*!40103 SET @OLD_TIME_ZONE=@@TIME_ZONE */;
/*!40103 SET TIME_ZONE='+00:00' */;
/*!40014 SET @OLD_UNIQUE_CHECKS=@@UNIQUE_CHECKS, UNIQUE_CHECKS=0 */;
/*!40014 SET @OLD_FOREIGN_KEY_CHECKS=@@FOREIGN_KEY_CHECKS, FOREIGN_KEY_CHECKS=0 */;
/*!40101 SET @OLD_SQL_MODE=@@SQL_MODE, SQL_MODE='NO_AUTO_VALUE_ON_ZERO' */;
/*!40111 SET @OLD_SQL_NOTES=@@SQL_NOTES, SQL_NOTES=0 */;

--
-- Table structure for table `Action`
--

DROP TABLE IF EXISTS `Action`;
/*!40101 SET @saved_cs_client     = @@character_set_client */;
/*!40101 SET character_set_client = utf8 */;
CREATE TABLE `Action` (
  `Code` varchar(10) NOT NULL,
  `Description` varchar(150) NOT NULL,
  PRIMARY KEY (`Code`),
  UNIQUE KEY `Code_UNIQUE` (`Code`)
) ENGINE=InnoDB DEFAULT CHARSET=utf8;
/*!40101 SET character_set_client = @saved_cs_client */;

--
-- Dumping data for table `Action`
--

LOCK TABLES `Action` WRITE;
/*!40000 ALTER TABLE `Action` DISABLE KEYS */;
INSERT INTO `Action` VALUES ('LED','Ledstrip ingeschakeld'),('THIGH','Waarschuwing hoge temperatuur'),('TLOW','Waarschuwing lage temperatuur'),('WP','Water pomp ingeschakeld'),('WRES','Waarschuwing waterreservoir');
/*!40000 ALTER TABLE `Action` ENABLE KEYS */;
UNLOCK TABLES;

--
-- Table structure for table `Device`
--

DROP TABLE IF EXISTS `Device`;
/*!40101 SET @saved_cs_client     = @@character_set_client */;
/*!40101 SET character_set_client = utf8 */;
CREATE TABLE `Device` (
  `ID` varchar(10) NOT NULL,
  `Name` varchar(50) NOT NULL,
  `MeasuringUnit` varchar(10) DEFAULT NULL,
  `Description` varchar(150) DEFAULT NULL,
  `MinimumValue` float DEFAULT NULL,
  `MaximumValue` float DEFAULT NULL,
  PRIMARY KEY (`ID`),
  UNIQUE KEY `ID_UNIQUE` (`ID`)
) ENGINE=InnoDB DEFAULT CHARSET=utf8;
/*!40101 SET character_set_client = @saved_cs_client */;

--
-- Dumping data for table `Device`
--

LOCK TABLES `Device` WRITE;
/*!40000 ALTER TABLE `Device` DISABLE KEYS */;
INSERT INTO `Device` VALUES ('BV','Bodemvochtigheid sensor','%',NULL,30,50),('LDR','Lichtsensor','%',NULL,30,75),('LEVEL','Water level sensor','%','Waterniveaumeter',100,NULL),('TEMP','Temperatuur sensor','°C','Omgevingstemperatuur',10,25);
/*!40000 ALTER TABLE `Device` ENABLE KEYS */;
UNLOCK TABLES;

--
-- Table structure for table `LoggingAction`
--

DROP TABLE IF EXISTS `LoggingAction`;
/*!40101 SET @saved_cs_client     = @@character_set_client */;
/*!40101 SET character_set_client = utf8 */;
CREATE TABLE `LoggingAction` (
  `ID` int(11) NOT NULL AUTO_INCREMENT,
  `MeasurementID` int(11) NOT NULL,
  `ActionCode` varchar(10) NOT NULL,
  `StartTime` datetime DEFAULT current_timestamp(),
  `StopTime` datetime DEFAULT NULL,
  PRIMARY KEY (`ID`),
  KEY `fk_loggingAction_action1_idx` (`ActionCode`),
  KEY `fk_loggingAction_measurement1_idx` (`MeasurementID`),
  CONSTRAINT `fk_loggingAction_action1` FOREIGN KEY (`ActionCode`) REFERENCES `Action` (`Code`) ON DELETE NO ACTION ON UPDATE NO ACTION,
  CONSTRAINT `fk_loggingAction_measurement1` FOREIGN KEY (`MeasurementID`) REFERENCES `Measurement` (`ID`) ON DELETE NO ACTION ON UPDATE NO ACTION
) ENGINE=InnoDB AUTO_INCREMENT=115 DEFAULT CHARSET=utf8;
/*!40101 SET character_set_client = @saved_cs_client */;

--
-- Dumping data for table `LoggingAction`
--

LOCK TABLES `LoggingAction` WRITE;
/*!40000 ALTER TABLE `LoggingAction` DISABLE KEYS */;
INSERT INTO `LoggingAction` VALUES (70,509,'WRES','2020-06-11 23:10:57','2020-06-11 23:11:31'),(71,511,'WP','2020-06-11 23:10:57','2020-06-11 23:11:00'),(72,521,'LED','2020-06-12 00:13:42','2020-06-12 11:03:06'),(73,545,'LED','2020-06-12 11:16:35','2020-06-12 11:20:32'),(74,546,'WP','2020-06-12 11:16:36','2020-06-12 11:16:39'),(75,548,'THIGH','2020-06-12 11:16:40','2020-06-12 11:50:35'),(76,582,'THIGH','2020-06-12 14:50:45','2020-06-12 14:58:09'),(77,589,'WRES','2020-06-12 14:58:08','2020-06-12 14:58:34'),(78,668,'THIGH','2020-06-12 17:13:51','2020-06-12 23:27:31'),(79,690,'WRES','2020-06-12 18:43:29','2020-06-12 18:44:30'),(80,738,'WRES','2020-06-12 19:27:16','2020-06-12 19:57:18'),(81,746,'WRES','2020-06-12 20:27:20','2020-06-14 02:09:38'),(82,779,'THIGH','2020-06-13 00:27:35',NULL),(83,893,'LED','2020-06-13 19:59:49','2020-06-13 20:29:51'),(84,905,'LED','2020-06-13 21:29:55','2020-06-13 21:59:57'),(85,913,'LED','2020-06-13 22:16:39','2020-06-13 22:46:41'),(86,939,'WP','2020-06-14 00:14:57','2020-06-14 00:15:00'),(87,958,'WRES','2020-06-15 11:17:09','2020-06-15 18:45:14'),(88,967,'WP','2020-06-15 18:57:24','2020-06-15 18:57:27'),(89,969,'LED','2020-06-15 19:36:12','2020-06-16 16:24:07'),(90,971,'WP','2020-06-15 19:36:13','2020-06-15 19:36:16'),(91,975,'WP','2020-06-15 20:06:18','2020-06-15 20:06:21'),(92,979,'WP','2020-06-15 20:36:23','2020-06-15 20:36:26'),(93,983,'WP','2020-06-15 21:00:18','2020-06-15 21:00:21'),(94,991,'WP','2020-06-15 22:00:41','2020-06-15 22:00:44'),(95,995,'WP','2020-06-15 22:30:46','2020-06-15 22:30:49'),(96,998,'WRES','2020-06-15 22:41:24','2020-06-15 23:12:10'),(97,998,'WP','2020-06-15 22:41:25','2020-06-15 22:41:28'),(98,1003,'WP','2020-06-15 23:12:10','2020-06-15 23:12:14'),(99,1006,'WP','2020-06-15 23:42:15','2020-06-15 23:42:19'),(100,1011,'WP','2020-06-15 23:42:51','2020-06-15 23:42:55'),(101,1014,'WP','2020-06-16 00:45:20','2020-06-16 00:39:51'),(102,1016,'WP','2020-06-16 00:39:47',NULL),(103,1023,'WP','2020-06-16 16:24:08','2020-06-16 16:24:11'),(104,1027,'WP','2020-06-16 22:06:19','2020-06-16 22:06:22'),(105,1031,'WP','2020-06-16 22:07:24','2020-06-16 22:07:27'),(106,1035,'WP','2020-06-16 22:08:29','2020-06-16 22:08:32'),(107,1039,'WP','2020-06-16 22:09:34','2020-06-16 22:09:37'),(108,1042,'WP','2020-06-16 22:10:39','2020-06-16 22:10:42'),(109,1047,'WP','2020-06-16 22:11:44','2020-06-16 22:11:48'),(110,1050,'WP','2020-06-16 22:12:49','2020-06-16 22:12:53'),(111,1055,'WP','2020-06-16 22:13:55','2020-06-16 22:13:58'),(112,1058,'WP','2020-06-16 22:15:00','2020-06-16 22:15:03'),(113,1061,'WP','2020-06-16 22:16:05','2020-06-16 22:16:08'),(114,1065,'WP','2020-06-16 22:17:10','2020-06-16 22:17:13');
/*!40000 ALTER TABLE `LoggingAction` ENABLE KEYS */;
UNLOCK TABLES;

--
-- Table structure for table `Measurement`
--

DROP TABLE IF EXISTS `Measurement`;
/*!40101 SET @saved_cs_client     = @@character_set_client */;
/*!40101 SET character_set_client = utf8 */;
CREATE TABLE `Measurement` (
  `ID` int(11) NOT NULL AUTO_INCREMENT,
  `DeviceID` varchar(10) NOT NULL,
  `Value` float DEFAULT NULL,
  `DateTime` datetime NOT NULL DEFAULT current_timestamp(),
  `PlantID` int(11) NOT NULL DEFAULT 1,
  PRIMARY KEY (`ID`),
  UNIQUE KEY `ID_UNIQUE` (`ID`),
  KEY `fk_action_has_device_device1_idx` (`DeviceID`),
  KEY `fk_plant_idx` (`PlantID`),
  CONSTRAINT `fk_action_has_device_device1` FOREIGN KEY (`DeviceID`) REFERENCES `Device` (`ID`) ON DELETE NO ACTION ON UPDATE NO ACTION,
  CONSTRAINT `fk_plant` FOREIGN KEY (`PlantID`) REFERENCES `Plant` (`ID`) ON DELETE NO ACTION ON UPDATE NO ACTION
) ENGINE=InnoDB AUTO_INCREMENT=1069 DEFAULT CHARSET=utf8;
/*!40101 SET character_set_client = @saved_cs_client */;

--
-- Dumping data for table `Measurement`
--

LOCK TABLES `Measurement` WRITE;
/*!40000 ALTER TABLE `Measurement` DISABLE KEYS */;
INSERT INTO `Measurement` VALUES (500,'TEMP',0,'2020-06-11 21:46:40',1),(501,'LDR',52.1,'2020-06-11 22:16:41',1),(502,'LEVEL',584,'2020-06-11 22:16:41',1),(503,'BV',56.79,'2020-06-11 22:16:41',1),(504,'TEMP',0,'2020-06-11 22:16:42',1),(505,'LDR',51.61,'2020-06-11 22:46:42',1),(506,'LEVEL',593,'2020-06-11 22:46:43',1),(507,'BV',57.38,'2020-06-11 22:46:43',1),(508,'TEMP',0,'2020-06-11 22:46:43',1),(509,'LDR',90.32,'2020-06-11 23:10:56',1),(510,'LEVEL',0,'2020-06-11 23:10:56',1),(511,'BV',0,'2020-06-11 23:10:57',1),(512,'TEMP',0,'2020-06-11 23:11:01',1),(513,'LDR',53.76,'2020-06-11 23:11:30',1),(514,'LEVEL',528,'2020-06-11 23:11:30',1),(515,'BV',46.24,'2020-06-11 23:11:31',1),(516,'TEMP',0,'2020-06-11 23:11:31',1),(517,'LDR',57.58,'2020-06-11 23:43:40',1),(518,'LEVEL',523,'2020-06-11 23:43:40',1),(519,'BV',42.52,'2020-06-11 23:43:41',1),(520,'TEMP',24.84,'2020-06-11 23:43:41',1),(521,'LDR',30.01,'2020-06-12 00:13:42',1),(522,'LEVEL',617,'2020-06-12 00:13:42',1),(523,'BV',43.01,'2020-06-12 00:13:43',1),(524,'TEMP',23.55,'2020-06-12 00:13:43',1),(525,'LDR',61.29,'2020-06-12 00:43:44',1),(526,'LEVEL',620,'2020-06-12 00:43:44',1),(527,'BV',43.11,'2020-06-12 00:43:44',1),(528,'TEMP',23.87,'2020-06-12 00:43:45',1),(529,'LDR',60.41,'2020-06-12 01:13:45',1),(530,'LEVEL',622,'2020-06-12 01:13:46',1),(531,'BV',43.01,'2020-06-12 01:13:46',1),(532,'TEMP',24.19,'2020-06-12 01:13:46',1),(533,'LDR',60.61,'2020-06-12 01:43:47',1),(534,'LEVEL',623,'2020-06-12 01:43:47',1),(535,'BV',42.62,'2020-06-12 01:43:48',1),(536,'TEMP',24.19,'2020-06-12 01:43:48',1),(537,'LDR',79.47,'2020-06-12 11:03:06',1),(538,'LEVEL',609,'2020-06-12 11:03:06',1),(539,'BV',32.65,'2020-06-12 11:03:06',1),(540,'TEMP',24.84,'2020-06-12 11:03:07',1),(541,'LDR',81.43,'2020-06-12 11:13:25',1),(542,'LEVEL',609,'2020-06-12 11:13:25',1),(543,'BV',32.36,'2020-06-12 11:13:25',1),(544,'TEMP',24.19,'2020-06-12 11:13:26',1),(545,'LDR',19.55,'2020-06-12 11:16:34',1),(546,'LEVEL',601,'2020-06-12 11:16:35',1),(547,'BV',28.74,'2020-06-12 11:16:35',1),(548,'TEMP',30,'2020-06-12 11:16:39',1),(549,'LDR',59.92,'2020-06-12 11:18:47',1),(550,'LEVEL',611,'2020-06-12 11:18:47',1),(551,'BV',51.42,'2020-06-12 11:18:47',1),(552,'TEMP',27.1,'2020-06-12 11:18:48',1),(553,'LDR',95.99,'2020-06-12 11:20:31',1),(554,'LEVEL',605,'2020-06-12 11:20:32',1),(555,'BV',54.15,'2020-06-12 11:20:32',1),(556,'TEMP',25.16,'2020-06-12 11:20:33',1),(557,'LDR',82.21,'2020-06-12 11:50:33',1),(558,'LEVEL',609,'2020-06-12 11:50:34',1),(559,'BV',56.01,'2020-06-12 11:50:34',1),(560,'TEMP',24.52,'2020-06-12 11:50:34',1),(561,'LDR',82.6,'2020-06-12 12:20:35',1),(562,'LEVEL',581,'2020-06-12 12:20:35',1),(563,'BV',55.72,'2020-06-12 12:20:36',1),(564,'TEMP',24.84,'2020-06-12 12:20:36',1),(565,'LDR',83.19,'2020-06-12 12:50:37',1),(566,'LEVEL',590,'2020-06-12 12:50:37',1),(567,'BV',55.62,'2020-06-12 12:50:37',1),(568,'TEMP',24.84,'2020-06-12 12:50:38',1),(569,'LDR',82.89,'2020-06-12 13:20:38',1),(570,'LEVEL',584,'2020-06-12 13:20:39',1),(571,'BV',55.82,'2020-06-12 13:20:39',1),(572,'TEMP',24.52,'2020-06-12 13:20:39',1),(573,'LDR',55.33,'2020-06-12 13:50:40',1),(574,'LEVEL',502,'2020-06-12 13:50:40',1),(575,'BV',54.94,'2020-06-12 13:50:41',1),(576,'TEMP',24.84,'2020-06-12 13:50:41',1),(577,'LDR',55.82,'2020-06-12 14:20:42',1),(578,'LEVEL',211,'2020-06-12 14:20:42',1),(579,'BV',55.13,'2020-06-12 14:20:42',1),(580,'TEMP',24.84,'2020-06-12 14:20:43',1),(581,'LDR',59.04,'2020-06-12 14:50:43',1),(582,'LEVEL',252,'2020-06-12 14:50:44',1),(583,'BV',54.84,'2020-06-12 14:50:44',1),(584,'TEMP',25.16,'2020-06-12 14:50:44',1),(585,'LDR',51.03,'2020-06-12 14:56:03',1),(586,'LEVEL',260,'2020-06-12 14:56:04',1),(587,'BV',54.74,'2020-06-12 14:56:04',1),(588,'TEMP',25.16,'2020-06-12 14:56:05',1),(589,'LDR',47.02,'2020-06-12 14:58:07',1),(590,'LEVEL',81,'2020-06-12 14:58:07',1),(591,'BV',55.13,'2020-06-12 14:58:08',1),(592,'TEMP',24.84,'2020-06-12 14:58:08',1),(593,'LDR',47.51,'2020-06-12 14:58:34',1),(594,'LEVEL',218,'2020-06-12 14:58:34',1),(595,'BV',55.03,'2020-06-12 14:58:35',1),(596,'TEMP',24.84,'2020-06-12 14:58:35',1),(597,'LDR',41.54,'2020-06-12 14:59:40',1),(598,'LEVEL',239,'2020-06-12 14:59:41',1),(599,'BV',55.03,'2020-06-12 14:59:41',1),(600,'TEMP',24.84,'2020-06-12 14:59:41',1),(601,'LDR',45.26,'2020-06-12 15:00:47',1),(602,'LEVEL',246,'2020-06-12 15:00:47',1),(603,'BV',55.03,'2020-06-12 15:00:47',1),(604,'TEMP',24.84,'2020-06-12 15:00:48',1),(605,'LDR',40.96,'2020-06-12 15:04:32',1),(606,'LEVEL',235,'2020-06-12 15:04:32',1),(607,'BV',55.03,'2020-06-12 15:04:33',1),(608,'TEMP',24.84,'2020-06-12 15:04:33',1),(609,'LDR',39.88,'2020-06-12 15:06:13',1),(610,'LEVEL',230,'2020-06-12 15:06:14',1),(611,'BV',55.13,'2020-06-12 15:06:14',1),(612,'TEMP',24.84,'2020-06-12 15:06:15',1),(613,'LDR',40.18,'2020-06-12 15:06:47',1),(614,'LEVEL',227,'2020-06-12 15:06:48',1),(615,'BV',55.13,'2020-06-12 15:06:48',1),(616,'TEMP',24.84,'2020-06-12 15:06:48',1),(617,'LDR',39.59,'2020-06-12 15:07:19',1),(618,'LEVEL',228,'2020-06-12 15:07:20',1),(619,'BV',55.03,'2020-06-12 15:07:20',1),(620,'TEMP',24.84,'2020-06-12 15:07:21',1),(621,'LDR',39.3,'2020-06-12 15:07:56',1),(622,'LEVEL',223,'2020-06-12 15:07:57',1),(623,'BV',55.03,'2020-06-12 15:07:57',1),(624,'TEMP',24.84,'2020-06-12 15:07:58',1),(625,'LDR',36.36,'2020-06-12 15:10:28',1),(626,'LEVEL',228,'2020-06-12 15:10:28',1),(627,'BV',55.03,'2020-06-12 15:10:29',1),(628,'TEMP',24.84,'2020-06-12 15:10:29',1),(629,'LDR',39.59,'2020-06-12 15:10:59',1),(630,'LEVEL',230,'2020-06-12 15:11:00',1),(631,'BV',55.03,'2020-06-12 15:11:00',1),(632,'TEMP',24.84,'2020-06-12 15:11:00',1),(633,'LDR',40.18,'2020-06-12 15:11:01',1),(634,'LEVEL',230,'2020-06-12 15:11:02',1),(635,'BV',55.13,'2020-06-12 15:11:02',1),(636,'TEMP',24.84,'2020-06-12 15:11:02',1),(637,'LDR',37.63,'2020-06-12 15:12:10',1),(638,'LEVEL',217,'2020-06-12 15:12:10',1),(639,'BV',55.03,'2020-06-12 15:12:10',1),(640,'TEMP',24.84,'2020-06-12 15:12:11',1),(641,'LDR',40.66,'2020-06-12 15:12:11',1),(642,'LEVEL',216,'2020-06-12 15:12:12',1),(643,'BV',55.13,'2020-06-12 15:12:12',1),(644,'TEMP',24.84,'2020-06-12 15:12:12',1),(645,'LDR',41.15,'2020-06-12 15:13:22',1),(646,'LEVEL',209,'2020-06-12 15:13:22',1),(647,'BV',55.13,'2020-06-12 15:13:23',1),(648,'TEMP',24.84,'2020-06-12 15:13:23',1),(649,'LDR',36.85,'2020-06-12 15:13:42',1),(650,'LEVEL',209,'2020-06-12 15:13:42',1),(651,'BV',55.03,'2020-06-12 15:13:43',1),(652,'TEMP',24.84,'2020-06-12 15:13:43',1),(653,'LDR',80.06,'2020-06-12 15:43:44',1),(654,'LEVEL',263,'2020-06-12 15:43:44',1),(655,'BV',55.33,'2020-06-12 15:43:45',1),(656,'TEMP',24.19,'2020-06-12 15:43:45',1),(657,'LDR',73.61,'2020-06-12 16:13:46',1),(658,'LEVEL',187,'2020-06-12 16:13:46',1),(659,'BV',55.33,'2020-06-12 16:13:46',1),(660,'TEMP',24.19,'2020-06-12 16:13:47',1),(661,'LDR',74.1,'2020-06-12 16:43:47',1),(662,'LEVEL',200,'2020-06-12 16:43:48',1),(663,'BV',55.13,'2020-06-12 16:43:48',1),(664,'TEMP',24.19,'2020-06-12 16:43:48',1),(665,'LDR',71.75,'2020-06-12 17:13:49',1),(666,'LEVEL',217,'2020-06-12 17:13:49',1),(667,'BV',54.25,'2020-06-12 17:13:50',1),(668,'TEMP',25.48,'2020-06-12 17:13:50',1),(669,'LDR',72.92,'2020-06-12 17:43:51',1),(670,'LEVEL',212,'2020-06-12 17:43:51',1),(671,'BV',53.86,'2020-06-12 17:43:52',1),(672,'TEMP',25.48,'2020-06-12 17:43:52',1),(673,'LDR',78.1,'2020-06-12 18:09:34',1),(674,'LEVEL',234,'2020-06-12 18:09:34',1),(675,'BV',53.37,'2020-06-12 18:09:35',1),(676,'TEMP',26.13,'2020-06-12 18:09:35',1),(677,'LDR',79.08,'2020-06-12 18:32:28',1),(678,'LEVEL',204,'2020-06-12 18:32:28',1),(679,'BV',52.98,'2020-06-12 18:32:29',1),(680,'TEMP',27.42,'2020-06-12 18:32:29',1),(681,'LDR',76.44,'2020-06-12 18:37:04',1),(682,'LEVEL',236,'2020-06-12 18:37:04',1),(683,'BV',52.79,'2020-06-12 18:37:05',1),(684,'TEMP',28.06,'2020-06-12 18:37:05',1),(685,'LDR',78.89,'2020-06-12 18:38:08',1),(686,'LEVEL',190,'2020-06-12 18:38:08',1),(687,'BV',52.88,'2020-06-12 18:38:09',1),(688,'TEMP',27.42,'2020-06-12 18:38:09',1),(689,'LDR',77.42,'2020-06-12 18:43:28',1),(690,'LEVEL',43,'2020-06-12 18:43:29',1),(691,'BV',53.27,'2020-06-12 18:43:29',1),(692,'TEMP',26.45,'2020-06-12 18:43:30',1),(693,'LDR',79.18,'2020-06-12 18:44:29',1),(694,'LEVEL',126,'2020-06-12 18:44:30',1),(695,'BV',53.27,'2020-06-12 18:44:31',1),(696,'TEMP',26.45,'2020-06-12 18:44:31',1),(697,'LDR',79.57,'2020-06-12 18:45:07',1),(698,'LEVEL',170,'2020-06-12 18:45:07',1),(699,'BV',53.18,'2020-06-12 18:45:08',1),(700,'TEMP',26.77,'2020-06-12 18:45:08',1),(701,'LDR',77.52,'2020-06-12 18:46:59',1),(702,'LEVEL',583,'2020-06-12 18:47:00',1),(703,'BV',44.77,'2020-06-12 18:47:00',1),(704,'TEMP',28.39,'2020-06-12 18:47:00',1),(705,'LDR',80.35,'2020-06-12 18:47:27',1),(706,'LEVEL',620,'2020-06-12 18:47:27',1),(707,'BV',44.57,'2020-06-12 18:47:28',1),(708,'TEMP',28.71,'2020-06-12 18:47:28',1),(709,'LDR',81.04,'2020-06-12 18:48:31',1),(710,'LEVEL',458,'2020-06-12 18:48:31',1),(711,'BV',45.06,'2020-06-12 18:48:32',1),(712,'TEMP',27.1,'2020-06-12 18:48:32',1),(713,'LDR',81.62,'2020-06-12 18:48:54',1),(714,'LEVEL',397,'2020-06-12 18:48:55',1),(715,'BV',45.06,'2020-06-12 18:48:55',1),(716,'TEMP',27.1,'2020-06-12 18:48:56',1),(717,'LDR',81.72,'2020-06-12 18:49:47',1),(718,'LEVEL',433,'2020-06-12 18:49:47',1),(719,'BV',45.26,'2020-06-12 18:49:48',1),(720,'TEMP',27.42,'2020-06-12 18:49:48',1),(721,'LDR',81.23,'2020-06-12 18:50:39',1),(722,'LEVEL',607,'2020-06-12 18:50:40',1),(723,'BV',44.67,'2020-06-12 18:50:40',1),(724,'TEMP',29.35,'2020-06-12 18:50:41',1),(725,'LDR',79.77,'2020-06-12 18:52:08',1),(726,'LEVEL',336,'2020-06-12 18:52:08',1),(727,'BV',45.16,'2020-06-12 18:52:09',1),(728,'TEMP',27.1,'2020-06-12 18:52:09',1),(729,'LDR',81.52,'2020-06-12 18:53:39',1),(730,'LEVEL',232,'2020-06-12 18:53:39',1),(731,'BV',45.45,'2020-06-12 18:53:40',1),(732,'TEMP',26.45,'2020-06-12 18:53:40',1),(733,'LDR',71.95,'2020-06-12 19:23:41',1),(734,'LEVEL',147,'2020-06-12 19:23:41',1),(735,'BV',45.36,'2020-06-12 19:23:41',1),(736,'TEMP',26.13,'2020-06-12 19:23:42',1),(737,'LDR',74.29,'2020-06-12 19:27:15',1),(738,'LEVEL',82,'2020-06-12 19:27:16',1),(739,'BV',45.45,'2020-06-12 19:27:17',1),(740,'TEMP',26.13,'2020-06-12 19:27:17',1),(741,'LDR',78.89,'2020-06-12 19:57:17',1),(742,'LEVEL',321,'2020-06-12 19:57:18',1),(743,'BV',44.67,'2020-06-12 19:57:18',1),(744,'TEMP',26.77,'2020-06-12 19:57:19',1),(745,'LDR',74,'2020-06-12 20:27:19',1),(746,'LEVEL',0,'2020-06-12 20:27:20',1),(747,'BV',44.87,'2020-06-12 20:27:20',1),(748,'TEMP',26.13,'2020-06-12 20:27:21',1),(749,'LDR',41.15,'2020-06-12 20:57:21',1),(750,'LEVEL',0,'2020-06-12 20:57:22',1),(751,'BV',44.38,'2020-06-12 20:57:22',1),(752,'TEMP',25.48,'2020-06-12 20:57:22',1),(753,'LDR',38.12,'2020-06-12 21:27:23',1),(754,'LEVEL',0,'2020-06-12 21:27:23',1),(755,'BV',43.99,'2020-06-12 21:27:24',1),(756,'TEMP',25.16,'2020-06-12 21:27:24',1),(757,'LDR',36.85,'2020-06-12 21:57:25',1),(758,'LEVEL',0,'2020-06-12 21:57:25',1),(759,'BV',43.6,'2020-06-12 21:57:25',1),(760,'TEMP',25.16,'2020-06-12 21:57:26',1),(761,'LDR',36.46,'2020-06-12 22:27:26',1),(762,'LEVEL',0,'2020-06-12 22:27:27',1),(763,'BV',43.11,'2020-06-12 22:27:27',1),(764,'TEMP',25.16,'2020-06-12 22:27:27',1),(765,'LDR',36.46,'2020-06-12 22:57:28',1),(766,'LEVEL',0,'2020-06-12 22:57:28',1),(767,'BV',42.72,'2020-06-12 22:57:29',1),(768,'TEMP',25.16,'2020-06-12 22:57:29',1),(769,'LDR',36.66,'2020-06-12 23:27:30',1),(770,'LEVEL',0,'2020-06-12 23:27:30',1),(771,'BV',42.42,'2020-06-12 23:27:30',1),(772,'TEMP',24.84,'2020-06-12 23:27:31',1),(773,'LDR',36.66,'2020-06-12 23:57:31',1),(774,'LEVEL',0,'2020-06-12 23:57:32',1),(775,'BV',41.94,'2020-06-12 23:57:32',1),(776,'TEMP',24.84,'2020-06-12 23:57:32',1),(777,'LDR',68.43,'2020-06-13 00:27:33',1),(778,'LEVEL',0,'2020-06-13 00:27:33',1),(779,'BV',41.64,'2020-06-13 00:27:34',1),(780,'TEMP',25.81,'2020-06-13 00:27:34',1),(781,'LDR',66.08,'2020-06-13 00:57:35',1),(782,'LEVEL',0,'2020-06-13 00:57:35',1),(783,'BV',41.84,'2020-06-13 00:57:36',1),(784,'TEMP',25.81,'2020-06-13 00:57:36',1),(785,'LDR',64.52,'2020-06-13 01:31:53',1),(786,'LEVEL',0,'2020-06-13 01:31:54',1),(787,'BV',41.45,'2020-06-13 01:31:54',1),(788,'TEMP',25.81,'2020-06-13 01:31:55',1),(789,'LDR',64.61,'2020-06-13 01:37:27',1),(790,'LEVEL',0,'2020-06-13 01:37:27',1),(791,'BV',41.35,'2020-06-13 01:37:28',1),(792,'TEMP',25.81,'2020-06-13 01:37:28',1),(793,'LDR',64.91,'2020-06-13 02:07:28',1),(794,'LEVEL',0,'2020-06-13 02:07:29',1),(795,'BV',40.76,'2020-06-13 02:07:29',1),(796,'TEMP',25.81,'2020-06-13 02:07:30',1),(797,'LDR',64.52,'2020-06-13 02:07:49',1),(798,'LEVEL',0,'2020-06-13 02:07:50',1),(799,'BV',40.76,'2020-06-13 02:07:50',1),(800,'TEMP',25.81,'2020-06-13 02:07:50',1),(801,'LDR',64.52,'2020-06-13 02:25:50',1),(802,'LEVEL',0,'2020-06-13 02:25:51',1),(803,'BV',40.37,'2020-06-13 02:25:51',1),(804,'TEMP',25.81,'2020-06-13 02:25:51',1),(805,'LDR',67.35,'2020-06-13 12:10:37',1),(806,'LEVEL',0,'2020-06-13 12:10:38',1),(807,'BV',46.04,'2020-06-13 12:10:38',1),(808,'TEMP',25.48,'2020-06-13 12:10:38',1),(809,'LDR',67.16,'2020-06-13 12:40:39',1),(810,'LEVEL',0,'2020-06-13 12:40:39',1),(811,'BV',45.65,'2020-06-13 12:40:40',1),(812,'TEMP',25.48,'2020-06-13 12:40:40',1),(813,'LDR',66.67,'2020-06-13 13:10:41',1),(814,'LEVEL',0,'2020-06-13 13:10:41',1),(815,'BV',45.36,'2020-06-13 13:10:41',1),(816,'TEMP',25.48,'2020-06-13 13:10:42',1),(817,'LDR',67.74,'2020-06-13 13:40:42',1),(818,'LEVEL',0,'2020-06-13 13:40:43',1),(819,'BV',44.97,'2020-06-13 13:40:43',1),(820,'TEMP',25.81,'2020-06-13 13:40:43',1),(821,'LDR',67.74,'2020-06-13 13:42:19',1),(822,'LEVEL',0,'2020-06-13 13:42:19',1),(823,'BV',44.97,'2020-06-13 13:42:19',1),(824,'TEMP',25.81,'2020-06-13 13:42:20',1),(825,'LDR',66.76,'2020-06-13 14:01:45',1),(826,'LEVEL',0,'2020-06-13 14:01:46',1),(827,'BV',44.87,'2020-06-13 14:01:46',1),(828,'TEMP',25.81,'2020-06-13 14:01:47',1),(829,'LDR',66.86,'2020-06-13 14:05:43',1),(830,'LEVEL',0,'2020-06-13 14:05:43',1),(831,'BV',44.77,'2020-06-13 14:05:43',1),(832,'TEMP',25.81,'2020-06-13 14:05:44',1),(833,'LDR',66.86,'2020-06-13 14:06:27',1),(834,'LEVEL',0,'2020-06-13 14:06:27',1),(835,'BV',44.77,'2020-06-13 14:06:28',1),(836,'TEMP',25.81,'2020-06-13 14:06:28',1),(837,'LDR',66.76,'2020-06-13 14:07:01',1),(838,'LEVEL',0,'2020-06-13 14:07:01',1),(839,'BV',44.77,'2020-06-13 14:07:02',1),(840,'TEMP',25.81,'2020-06-13 14:07:02',1),(841,'LDR',66.86,'2020-06-13 14:10:38',1),(842,'LEVEL',0,'2020-06-13 14:10:38',1),(843,'BV',44.67,'2020-06-13 14:10:39',1),(844,'TEMP',25.81,'2020-06-13 14:10:39',1),(845,'LDR',66.96,'2020-06-13 14:13:42',1),(846,'LEVEL',0,'2020-06-13 14:13:43',1),(847,'BV',44.67,'2020-06-13 14:13:43',1),(848,'TEMP',25.81,'2020-06-13 14:13:44',1),(849,'LDR',66.76,'2020-06-13 14:43:44',1),(850,'LEVEL',0,'2020-06-13 14:43:45',1),(851,'BV',44.38,'2020-06-13 14:43:45',1),(852,'TEMP',25.81,'2020-06-13 14:43:45',1),(853,'LDR',67.74,'2020-06-13 15:13:46',1),(854,'LEVEL',0,'2020-06-13 15:13:46',1),(855,'BV',44.18,'2020-06-13 15:13:47',1),(856,'TEMP',25.81,'2020-06-13 15:13:47',1),(857,'LDR',68.33,'2020-06-13 15:43:48',1),(858,'LEVEL',0,'2020-06-13 15:43:48',1),(859,'BV',44.09,'2020-06-13 15:43:48',1),(860,'TEMP',26.13,'2020-06-13 15:43:49',1),(861,'LDR',68.82,'2020-06-13 16:13:49',1),(862,'LEVEL',0,'2020-06-13 16:13:50',1),(863,'BV',44.09,'2020-06-13 16:13:50',1),(864,'TEMP',26.45,'2020-06-13 16:13:50',1),(865,'LDR',69.79,'2020-06-13 16:43:51',1),(866,'LEVEL',0,'2020-06-13 16:43:51',1),(867,'BV',43.99,'2020-06-13 16:43:52',1),(868,'TEMP',26.77,'2020-06-13 16:43:52',1),(869,'LDR',68.52,'2020-06-13 17:13:53',1),(870,'LEVEL',0,'2020-06-13 17:13:53',1),(871,'BV',43.89,'2020-06-13 17:13:53',1),(872,'TEMP',26.45,'2020-06-13 17:13:54',1),(873,'LDR',70.38,'2020-06-13 17:43:54',1),(874,'LEVEL',0,'2020-06-13 17:43:55',1),(875,'BV',43.79,'2020-06-13 17:43:55',1),(876,'TEMP',26.77,'2020-06-13 17:43:55',1),(877,'LDR',67.55,'2020-06-13 18:13:56',1),(878,'LEVEL',0,'2020-06-13 18:13:56',1),(879,'BV',43.6,'2020-06-13 18:13:57',1),(880,'TEMP',26.77,'2020-06-13 18:13:57',1),(881,'LDR',70.97,'2020-06-13 18:43:57',1),(882,'LEVEL',0,'2020-06-13 18:43:58',1),(883,'BV',43.7,'2020-06-13 18:43:58',1),(884,'TEMP',27.1,'2020-06-13 18:43:58',1),(885,'LDR',71.55,'2020-06-13 18:59:45',1),(886,'LEVEL',0,'2020-06-13 18:59:46',1),(887,'BV',43.7,'2020-06-13 18:59:46',1),(888,'TEMP',27.42,'2020-06-13 18:59:46',1),(889,'LDR',32.75,'2020-06-13 19:29:47',1),(890,'LEVEL',0,'2020-06-13 19:29:48',1),(891,'BV',43.5,'2020-06-13 19:29:48',1),(892,'TEMP',27.1,'2020-06-13 19:29:48',1),(893,'LDR',28.35,'2020-06-13 19:59:49',1),(894,'LEVEL',0,'2020-06-13 19:59:49',1),(895,'BV',43.5,'2020-06-13 19:59:50',1),(896,'TEMP',26.77,'2020-06-13 19:59:50',1),(897,'LDR',77.52,'2020-06-13 20:29:51',1),(898,'LEVEL',0,'2020-06-13 20:29:51',1),(899,'BV',43.4,'2020-06-13 20:29:52',1),(900,'TEMP',27.1,'2020-06-13 20:29:52',1),(901,'LDR',67.35,'2020-06-13 20:59:53',1),(902,'LEVEL',0,'2020-06-13 20:59:53',1),(903,'BV',43.3,'2020-06-13 20:59:53',1),(904,'TEMP',27.1,'2020-06-13 20:59:54',1),(905,'LDR',22.87,'2020-06-13 21:29:54',1),(906,'LEVEL',0,'2020-06-13 21:29:55',1),(907,'BV',43.4,'2020-06-13 21:29:55',1),(908,'TEMP',26.77,'2020-06-13 21:29:56',1),(909,'LDR',75.27,'2020-06-13 21:59:56',1),(910,'LEVEL',0,'2020-06-13 21:59:57',1),(911,'BV',43.21,'2020-06-13 21:59:57',1),(912,'TEMP',26.77,'2020-06-13 21:59:57',1),(913,'LDR',5.08,'2020-06-13 22:16:39',1),(914,'LEVEL',0,'2020-06-13 22:16:39',1),(915,'BV',44.97,'2020-06-13 22:16:40',1),(916,'TEMP',26.77,'2020-06-13 22:16:40',1),(917,'LDR',80.06,'2020-06-13 22:46:41',1),(918,'LEVEL',0,'2020-06-13 22:46:41',1),(919,'BV',42.62,'2020-06-13 22:46:41',1),(920,'TEMP',26.45,'2020-06-13 22:46:42',1),(921,'LDR',65.79,'2020-06-13 23:16:36',1),(922,'LEVEL',0,'2020-06-13 23:16:36',1),(923,'BV',42.42,'2020-06-13 23:16:37',1),(924,'TEMP',26.45,'2020-06-13 23:16:37',1),(925,'LDR',65.69,'2020-06-13 23:25:34',1),(926,'LEVEL',0,'2020-06-13 23:25:34',1),(927,'BV',42.42,'2020-06-13 23:25:35',1),(928,'TEMP',26.45,'2020-06-13 23:25:35',1),(929,'LDR',65.79,'2020-06-13 23:28:06',1),(930,'LEVEL',0,'2020-06-13 23:28:06',1),(931,'BV',42.42,'2020-06-13 23:28:07',1),(932,'TEMP',26.45,'2020-06-13 23:28:07',1),(933,'LDR',65.79,'2020-06-13 23:44:54',1),(934,'LEVEL',0,'2020-06-13 23:44:55',1),(935,'BV',35.19,'2020-06-13 23:44:55',1),(936,'TEMP',26.77,'2020-06-13 23:44:55',1),(937,'LDR',67.64,'2020-06-14 00:14:56',1),(938,'LEVEL',6,'2020-06-14 00:14:56',1),(939,'BV',29.72,'2020-06-14 00:14:57',1),(940,'TEMP',26.13,'2020-06-14 00:15:00',1),(941,'LDR',57.38,'2020-06-14 00:45:01',1),(942,'LEVEL',3,'2020-06-14 00:45:01',1),(943,'BV',53.08,'2020-06-14 00:45:02',1),(944,'TEMP',31.61,'2020-06-14 00:45:02',1),(945,'LDR',57.38,'2020-06-14 01:15:03',1),(946,'LEVEL',3,'2020-06-14 01:15:03',1),(947,'BV',54.94,'2020-06-14 01:15:03',1),(948,'TEMP',30.65,'2020-06-14 01:15:04',1),(949,'LDR',57.38,'2020-06-14 01:45:04',1),(950,'LEVEL',23,'2020-06-14 01:45:05',1),(951,'BV',55.62,'2020-06-14 01:45:05',1),(952,'TEMP',29.35,'2020-06-14 01:45:05',1),(953,'LDR',57.38,'2020-06-14 02:09:37',1),(954,'LEVEL',198,'2020-06-14 02:09:37',1),(955,'BV',55.82,'2020-06-14 02:09:38',1),(956,'TEMP',29.03,'2020-06-14 02:09:38',1),(957,'LDR',99.12,'2020-06-15 11:17:08',1),(958,'LEVEL',0,'2020-06-15 11:17:09',1),(959,'BV',44.77,'2020-06-15 11:17:09',1),(960,'TEMP',27.1,'2020-06-15 11:17:09',1),(961,'LDR',73.12,'2020-06-15 18:45:13',1),(962,'LEVEL',528,'2020-06-15 18:45:13',1),(963,'BV',38.51,'2020-06-15 18:45:14',1),(964,'TEMP',29.68,'2020-06-15 18:45:14',1),(965,'LDR',72.92,'2020-06-15 18:57:23',1),(966,'LEVEL',584,'2020-06-15 18:57:23',1),(967,'BV',28.05,'2020-06-15 18:57:24',1),(968,'TEMP',28.39,'2020-06-15 18:57:27',1),(969,'LDR',11.34,'2020-06-15 19:36:12',1),(970,'LEVEL',527,'2020-06-15 19:36:12',1),(971,'BV',8.7,'2020-06-15 19:36:13',1),(972,'TEMP',28.06,'2020-06-15 19:36:16',1),(973,'LDR',74.49,'2020-06-15 20:06:17',1),(974,'LEVEL',542,'2020-06-15 20:06:17',1),(975,'BV',11.53,'2020-06-15 20:06:18',1),(976,'TEMP',28.06,'2020-06-15 20:06:21',1),(977,'LDR',70.97,'2020-06-15 20:36:22',1),(978,'LEVEL',543,'2020-06-15 20:36:23',1),(979,'BV',11.83,'2020-06-15 20:36:23',1),(980,'TEMP',28.06,'2020-06-15 20:36:27',1),(981,'LDR',69.89,'2020-06-15 21:00:17',1),(982,'LEVEL',536,'2020-06-15 21:00:17',1),(983,'BV',12.22,'2020-06-15 21:00:18',1),(984,'TEMP',28.06,'2020-06-15 21:00:21',1),(985,'LDR',68.52,'2020-06-15 21:30:38',1),(986,'LEVEL',526,'2020-06-15 21:30:38',1),(987,'BV',35.58,'2020-06-15 21:30:38',1),(988,'TEMP',27.42,'2020-06-15 21:30:39',1),(989,'LDR',67.94,'2020-06-15 22:00:39',1),(990,'LEVEL',510,'2020-06-15 22:00:40',1),(991,'BV',18.96,'2020-06-15 22:00:40',1),(992,'TEMP',27.42,'2020-06-15 22:00:44',1),(993,'LDR',68.33,'2020-06-15 22:30:45',1),(994,'LEVEL',504,'2020-06-15 22:30:45',1),(995,'BV',29.91,'2020-06-15 22:30:45',1),(996,'TEMP',27.42,'2020-06-15 22:30:49',1),(997,'LDR',35.87,'2020-06-15 22:41:23',1),(998,'LEVEL',0,'2020-06-15 22:41:24',1),(999,'BV',0,'2020-06-15 22:41:24',1),(1000,'TEMP',26.77,'2020-06-15 22:41:28',1),(1001,'LDR',34.31,'2020-06-15 23:12:09',1),(1002,'LEVEL',528,'2020-06-15 23:12:09',1),(1003,'BV',3.03,'2020-06-15 23:12:10',1),(1004,'TEMP',27.1,'2020-06-15 23:12:14',1),(1005,'LDR',35.97,'2020-06-15 23:42:14',1),(1006,'LEVEL',543,'2020-06-15 23:42:15',1),(1007,'BV',2.83,'2020-06-15 23:42:15',1),(1008,'TEMP',27.1,'2020-06-15 23:42:19',1),(1009,'LDR',35.19,'2020-06-15 23:42:50',1),(1010,'LEVEL',564,'2020-06-15 23:42:51',1),(1011,'BV',5.96,'2020-06-15 23:42:51',1),(1012,'TEMP',26.77,'2020-06-15 23:42:55',1),(1013,'LDR',33.92,'2020-06-16 00:45:18',1),(1014,'LEVEL',513,'2020-06-16 00:45:19',1),(1015,'BV',2.15,'2020-06-16 00:45:19',1),(1016,'TEMP',26.77,'2020-06-16 00:45:23',1),(1017,'LDR',71.46,'2020-06-16 00:39:46',1),(1018,'LEVEL',543,'2020-06-16 00:39:47',1),(1019,'BV',0,'2020-06-16 00:39:47',1),(1020,'TEMP',25.81,'2020-06-16 00:39:51',1),(1021,'LDR',100,'2020-06-16 16:24:06',1),(1022,'LEVEL',542,'2020-06-16 16:24:07',1),(1023,'BV',0,'2020-06-16 16:24:07',1),(1024,'TEMP',25.48,'2020-06-16 16:24:11',1),(1025,'LDR',100,'2020-06-16 22:06:18',1),(1026,'LEVEL',537,'2020-06-16 22:06:18',1),(1027,'BV',0,'2020-06-16 22:06:19',1),(1028,'TEMP',25.48,'2020-06-16 22:06:22',1),(1029,'LDR',100,'2020-06-16 22:07:23',1),(1030,'LEVEL',527,'2020-06-16 22:07:23',1),(1031,'BV',0,'2020-06-16 22:07:24',1),(1032,'TEMP',25.48,'2020-06-16 22:07:27',1),(1033,'LDR',100,'2020-06-16 22:08:28',1),(1034,'LEVEL',518,'2020-06-16 22:08:28',1),(1035,'BV',0,'2020-06-16 22:08:29',1),(1036,'TEMP',25.48,'2020-06-16 22:08:32',1),(1037,'LDR',100,'2020-06-16 22:09:33',1),(1038,'LEVEL',510,'2020-06-16 22:09:33',1),(1039,'BV',0,'2020-06-16 22:09:34',1),(1040,'TEMP',25.48,'2020-06-16 22:09:37',1),(1041,'LDR',100,'2020-06-16 22:10:38',1),(1042,'LEVEL',505,'2020-06-16 22:10:39',1),(1043,'BV',0,'2020-06-16 22:10:39',1),(1044,'TEMP',25.48,'2020-06-16 22:10:43',1),(1045,'LDR',100,'2020-06-16 22:11:43',1),(1046,'LEVEL',503,'2020-06-16 22:11:44',1),(1047,'BV',0,'2020-06-16 22:11:44',1),(1048,'TEMP',25.48,'2020-06-16 22:11:48',1),(1049,'LDR',100,'2020-06-16 22:12:48',1),(1050,'LEVEL',503,'2020-06-16 22:12:49',1),(1051,'BV',0,'2020-06-16 22:12:49',1),(1052,'TEMP',25.48,'2020-06-16 22:12:53',1),(1053,'LDR',100,'2020-06-16 22:13:53',1),(1054,'LEVEL',502,'2020-06-16 22:13:54',1),(1055,'BV',0,'2020-06-16 22:13:54',1),(1056,'TEMP',25.48,'2020-06-16 22:13:58',1),(1057,'LDR',100,'2020-06-16 22:14:58',1),(1058,'LEVEL',503,'2020-06-16 22:14:59',1),(1059,'BV',0,'2020-06-16 22:14:59',1),(1060,'TEMP',25.48,'2020-06-16 22:15:03',1),(1061,'LDR',100,'2020-06-16 22:16:04',1),(1062,'LEVEL',504,'2020-06-16 22:16:04',1),(1063,'BV',0,'2020-06-16 22:16:04',1),(1064,'TEMP',25.81,'2020-06-16 22:16:08',1),(1065,'LDR',100,'2020-06-16 22:17:09',1),(1066,'LEVEL',506,'2020-06-16 22:17:09',1),(1067,'BV',0,'2020-06-16 22:17:09',1),(1068,'TEMP',25.48,'2020-06-16 22:17:13',1);
/*!40000 ALTER TABLE `Measurement` ENABLE KEYS */;
UNLOCK TABLES;

--
-- Table structure for table `Plant`
--

DROP TABLE IF EXISTS `Plant`;
/*!40101 SET @saved_cs_client     = @@character_set_client */;
/*!40101 SET character_set_client = utf8 */;
CREATE TABLE `Plant` (
  `ID` int(11) NOT NULL AUTO_INCREMENT,
  `Name` varchar(100) DEFAULT NULL,
  PRIMARY KEY (`ID`)
) ENGINE=InnoDB AUTO_INCREMENT=2 DEFAULT CHARSET=utf8;
/*!40101 SET character_set_client = @saved_cs_client */;

--
-- Dumping data for table `Plant`
--

LOCK TABLES `Plant` WRITE;
/*!40000 ALTER TABLE `Plant` DISABLE KEYS */;
INSERT INTO `Plant` VALUES (1,'Mint');
/*!40000 ALTER TABLE `Plant` ENABLE KEYS */;
UNLOCK TABLES;
/*!40103 SET TIME_ZONE=@OLD_TIME_ZONE */;

/*!40101 SET SQL_MODE=@OLD_SQL_MODE */;
/*!40014 SET FOREIGN_KEY_CHECKS=@OLD_FOREIGN_KEY_CHECKS */;
/*!40014 SET UNIQUE_CHECKS=@OLD_UNIQUE_CHECKS */;
/*!40101 SET CHARACTER_SET_CLIENT=@OLD_CHARACTER_SET_CLIENT */;
/*!40101 SET CHARACTER_SET_RESULTS=@OLD_CHARACTER_SET_RESULTS */;
/*!40101 SET COLLATION_CONNECTION=@OLD_COLLATION_CONNECTION */;
/*!40111 SET SQL_NOTES=@OLD_SQL_NOTES */;

-- Dump completed on 2020-06-16 22:18:08
